sent_pmid,sentence,sent_pub_year,citation_pmid,citation_title,mbm_search_rank,tfidf_search_rank,bm_search_link,gs_search_link,gs_search_link_or
24511357,addition goalkeepers older centre backcourt backcourt wing players p 005 also investigated anthropometric performance characteristics twenty one elite tunisian national handball players according playing positions found differences observed positions height values backs wings percentage body fat goalkeepers backs,2013,19051095,"Anthropometric, physiological and performance characteristics of elite team-handball players",1,4,7,"https://scholar.google.com/scholar?q=site:pubmed.ncbi.nlm.nih.gov addition goalkeepers older centre backcourt backcourt wing players p 005 also investigated anthropometric performance characteristics twenty one elite tunisian national handball players according playing positions found differences observed positions height values backs wings percentage body fat goalkeepers backs&hl=en&as_sdt=0,10&as_ylo=1977&as_yhi=2013","https://scholar.google.com/scholar?q=site:pubmed.ncbi.nlm.nih.gov addition OR goalkeepers OR older OR centre OR backcourt OR backcourt OR wing OR players OR p OR 005 OR also OR investigated OR anthropometric OR performance OR characteristics OR twenty OR one OR elite OR tunisian OR national OR handball OR players OR according OR playing OR positions OR found OR differences OR observed OR positions OR height OR values OR backs OR wings OR percentage OR body OR fat OR goalkeepers OR backs&hl=en&as_sdt=0,10&as_ylo=1977&as_yhi=2013"
23493883,combinations therapy cetuximab plus erlotinib gefitinib plus everolimus also tried,2013,17785570,Prospective assessment of discontinuation and reinitiation of erlotinib or gefitinib in patients with acquired resistance to erlotinib or gefitinib followed by the addition of everolimus,2,3,230,"https://scholar.google.com/scholar?q=site:pubmed.ncbi.nlm.nih.gov combinations therapy cetuximab plus erlotinib gefitinib plus everolimus also tried&hl=en&as_sdt=0,10&as_ylo=1977&as_yhi=2013","https://scholar.google.com/scholar?q=site:pubmed.ncbi.nlm.nih.gov combinations OR therapy OR cetuximab OR plus OR erlotinib OR gefitinib OR plus OR everolimus OR also OR tried&hl=en&as_sdt=0,10&as_ylo=1977&as_yhi=2013"
27699082,reported sigri beckers sample belgian women gene polymorphisms rs1862513 rs3745367 rs3745369 resistin gene related obesity,2016,18239575,Analysis of genetic variations in the resistin gene shows no associations with obesity in women,1,4,20,"https://scholar.google.com/scholar?q=site:pubmed.ncbi.nlm.nih.gov reported sigri beckers sample belgian women gene polymorphisms rs1862513 rs3745367 rs3745369 resistin gene related obesity&hl=en&as_sdt=0,10&as_ylo=1977&as_yhi=2016","https://scholar.google.com/scholar?q=site:pubmed.ncbi.nlm.nih.gov reported OR sigri OR beckers OR sample OR belgian OR women OR gene OR polymorphisms OR rs1862513 OR rs3745367 OR rs3745369 OR resistin OR gene OR related OR obesity&hl=en&as_sdt=0,10&as_ylo=1977&as_yhi=2016"
24961310,high levels sp found surface rat brain endothelial cell cultures following cytokine stimulation,2013,9600711,Enhanced secretion of substance P by cytokine-stimulated rat brain endothelium cultures,1,448,360,"https://scholar.google.com/scholar?q=site:pubmed.ncbi.nlm.nih.gov high levels sp found surface rat brain endothelial cell cultures following cytokine stimulation&hl=en&as_sdt=0,10&as_ylo=1977&as_yhi=2013","https://scholar.google.com/scholar?q=site:pubmed.ncbi.nlm.nih.gov high OR levels OR sp OR found OR surface OR rat OR brain OR endothelial OR cell OR cultures OR following OR cytokine OR stimulation&hl=en&as_sdt=0,10&as_ylo=1977&as_yhi=2013"
24319675,presence 5 mm atp reduces slick whole cell currents channel activity excised patches,2013,14684870,"Slick (Slo2.1), a rapidly-gating sodium-activated potassium channel inhibited by ATP",183,146,3,"https://scholar.google.com/scholar?q=site:pubmed.ncbi.nlm.nih.gov presence 5 mm atp reduces slick whole cell currents channel activity excised patches&hl=en&as_sdt=0,10&as_ylo=1977&as_yhi=2013","https://scholar.google.com/scholar?q=site:pubmed.ncbi.nlm.nih.gov presence OR 5 OR mm OR atp OR reduces OR slick OR whole OR cell OR currents OR channel OR activity OR excised OR patches&hl=en&as_sdt=0,10&as_ylo=1977&as_yhi=2013"
27597855,one mutant diageotropica dgt recently used characterize non auxin compound required localization lateral root initiation pericycle,2016,26173789,A tomato phloem-mobile protein regulates the shoot-to-root ratio by mediating the auxin response in distant organs,217,23,249,"https://scholar.google.com/scholar?q=site:pubmed.ncbi.nlm.nih.gov one mutant diageotropica dgt recently used characterize non auxin compound required localization lateral root initiation pericycle&hl=en&as_sdt=0,10&as_ylo=1977&as_yhi=2016","https://scholar.google.com/scholar?q=site:pubmed.ncbi.nlm.nih.gov one OR mutant OR diageotropica OR dgt OR recently OR used OR characterize OR non OR auxin OR compound OR required OR localization OR lateral OR root OR initiation OR pericycle&hl=en&as_sdt=0,10&as_ylo=1977&as_yhi=2016"
26635530,interestingly opposing effects beta1 beta2 adrenoceptors synaptic transmission observed layer v vi pyramidal cells rat prefrontal cortex,2015,17965126,Pre- and postsynaptic beta-adrenergic activation enhances excitatory synaptic transmission in layer V/VI pyramidal neurons of the medial prefrontal cortex of rats,1,2,4,"https://scholar.google.com/scholar?q=site:pubmed.ncbi.nlm.nih.gov interestingly opposing effects beta1 beta2 adrenoceptors synaptic transmission observed layer v vi pyramidal cells rat prefrontal cortex&hl=en&as_sdt=0,10&as_ylo=1977&as_yhi=2015","https://scholar.google.com/scholar?q=site:pubmed.ncbi.nlm.nih.gov interestingly OR opposing OR effects OR beta1 OR beta2 OR adrenoceptors OR synaptic OR transmission OR observed OR layer OR v OR vi OR pyramidal OR cells OR rat OR prefrontal OR cortex&hl=en&as_sdt=0,10&as_ylo=1977&as_yhi=2015"
23882218,similarly lewis found vegf mrna upregulated macrophages associated human breast cancer,2013,11004690,Expression of vascular endothelial growth factor by macrophages is up-regulated in poorly vascularized areas of breast carcinomas,58,458,138,"https://scholar.google.com/scholar?q=site:pubmed.ncbi.nlm.nih.gov similarly lewis found vegf mrna upregulated macrophages associated human breast cancer&hl=en&as_sdt=0,10&as_ylo=1977&as_yhi=2013","https://scholar.google.com/scholar?q=site:pubmed.ncbi.nlm.nih.gov similarly OR lewis OR found OR vegf OR mrna OR upregulated OR macrophages OR associated OR human OR breast OR cancer&hl=en&as_sdt=0,10&as_ylo=1977&as_yhi=2013"
28814750,shao even found association thin sfct subcapsular cataract cortical cataract,2017,25604689,Subfoveal choroidal thickness and cataract: the Beijing Eye Study 2011,1,1,5,"https://scholar.google.com/scholar?q=site:pubmed.ncbi.nlm.nih.gov shao even found association thin sfct subcapsular cataract cortical cataract&hl=en&as_sdt=0,10&as_ylo=1977&as_yhi=2017","https://scholar.google.com/scholar?q=site:pubmed.ncbi.nlm.nih.gov shao OR even OR found OR association OR thin OR sfct OR subcapsular OR cataract OR cortical OR cataract&hl=en&as_sdt=0,10&as_ylo=1977&as_yhi=2017"
23423909,parameters associate mortality 55 years age cortisol levels digit symbol substitution test score fasting glucose levels free triiodothyronine levels gait speed also mark familial longevity middle age,2013,21408159,Homocysteine and familial longevity: the Leiden Longevity Study,78,303,890,"https://scholar.google.com/scholar?q=site:pubmed.ncbi.nlm.nih.gov parameters associate mortality 55 years age cortisol levels digit symbol substitution test score fasting glucose levels free triiodothyronine levels gait speed also mark familial longevity middle age&hl=en&as_sdt=0,10&as_ylo=1977&as_yhi=2013","https://scholar.google.com/scholar?q=site:pubmed.ncbi.nlm.nih.gov parameters OR associate OR mortality OR 55 OR years OR age OR cortisol OR levels OR digit OR symbol OR substitution OR test OR score OR fasting OR glucose OR levels OR free OR triiodothyronine OR levels OR gait OR speed OR also OR mark OR familial OR longevity OR middle OR age&hl=en&as_sdt=0,10&as_ylo=1977&as_yhi=2013"
27228560,another example haji akbari debenedetti explicitly quantified extent tip4p ice model underestimates free energy difference crystalline liquid phases found mismatch alone leads overestimation free energy barrier nucleation 60 translates nucleation rates 9 orders magnitude larger,2016,26240318,Direct calculation of ice homogeneous nucleation rate for a molecular model of water,69,1,2,"https://scholar.google.com/scholar?q=site:pubmed.ncbi.nlm.nih.gov another example haji akbari debenedetti explicitly quantified extent tip4p ice model underestimates free energy difference crystalline liquid phases found mismatch alone leads overestimation free energy barrier nucleation 60 translates nucleation rates 9 orders magnitude larger&hl=en&as_sdt=0,10&as_ylo=1977&as_yhi=2016","https://scholar.google.com/scholar?q=site:pubmed.ncbi.nlm.nih.gov another OR example OR haji OR akbari OR debenedetti OR explicitly OR quantified OR extent OR tip4p OR ice OR model OR underestimates OR free OR energy OR difference OR crystalline OR liquid OR phases OR found OR mismatch OR alone OR leads OR overestimation OR free OR energy OR barrier OR nucleation OR 60 OR translates OR nucleation OR rates OR 9 OR orders OR magnitude OR larger&hl=en&as_sdt=0,10&as_ylo=1977&as_yhi=2016"
28399937,using porcine valvular interstitial cells human valve leaflets yanagawa determined regulation mir 141 stenotic bicuspid leaflets regulates bmp 2 mediated valve calcification,2017,22336757,miRNA-141 is a novel regulator of BMP-2-mediated calcification in aortic stenosis,1,1,2,"https://scholar.google.com/scholar?q=site:pubmed.ncbi.nlm.nih.gov using porcine valvular interstitial cells human valve leaflets yanagawa determined regulation mir 141 stenotic bicuspid leaflets regulates bmp 2 mediated valve calcification&hl=en&as_sdt=0,10&as_ylo=1977&as_yhi=2017","https://scholar.google.com/scholar?q=site:pubmed.ncbi.nlm.nih.gov using OR porcine OR valvular OR interstitial OR cells OR human OR valve OR leaflets OR yanagawa OR determined OR regulation OR mir OR 141 OR stenotic OR bicuspid OR leaflets OR regulates OR bmp OR 2 OR mediated OR valve OR calcification&hl=en&as_sdt=0,10&as_ylo=1977&as_yhi=2017"
9199164,mutants endocytosis integral membrane proteins ste2p ste6p uracil permease blocked restrictive temperature,1997,8144575,Endocytosis and degradation of the yeast uracil permease under adverse conditions,2,2,3,"https://scholar.google.com/scholar?q=site:pubmed.ncbi.nlm.nih.gov mutants endocytosis integral membrane proteins ste2p ste6p uracil permease blocked restrictive temperature&hl=en&as_sdt=0,10&as_ylo=1977&as_yhi=1997","https://scholar.google.com/scholar?q=site:pubmed.ncbi.nlm.nih.gov mutants OR endocytosis OR integral OR membrane OR proteins OR ste2p OR ste6p OR uracil OR permease OR blocked OR restrictive OR temperature&hl=en&as_sdt=0,10&as_ylo=1977&as_yhi=1997"
29375819,another adhd linked gene identified gwass cadherin 13 cdh13 exclusively expressed inhibitory neurons,2017,26460479,"Cadherin-13, a risk gene for ADHD and comorbid disorders, impacts GABAergic function in hippocampus and cognition",1,1,6,"https://scholar.google.com/scholar?q=site:pubmed.ncbi.nlm.nih.gov another adhd linked gene identified gwass cadherin 13 cdh13 exclusively expressed inhibitory neurons&hl=en&as_sdt=0,10&as_ylo=1977&as_yhi=2017","https://scholar.google.com/scholar?q=site:pubmed.ncbi.nlm.nih.gov another OR adhd OR linked OR gene OR identified OR gwass OR cadherin OR 13 OR cdh13 OR exclusively OR expressed OR inhibitory OR neurons&hl=en&as_sdt=0,10&as_ylo=1977&as_yhi=2017"
26602265,geminiviruses cause increasingly serious threats economic crops cotton cassava tomato jatropha,2015,20224893,A new strain of Indian cassava mosaic virus causes a mosaic disease in the biodiesel crop Jatropha curcas,3,496,260,"https://scholar.google.com/scholar?q=site:pubmed.ncbi.nlm.nih.gov geminiviruses cause increasingly serious threats economic crops cotton cassava tomato jatropha&hl=en&as_sdt=0,10&as_ylo=1977&as_yhi=2015","https://scholar.google.com/scholar?q=site:pubmed.ncbi.nlm.nih.gov geminiviruses OR cause OR increasingly OR serious OR threats OR economic OR crops OR cotton OR cassava OR tomato OR jatropha&hl=en&as_sdt=0,10&as_ylo=1977&as_yhi=2015"
29503089,considering heterogeneity cell type discriminated fibroblast populations embryonic day 17 adulthood expression three well reported markers cardiac fibroblasts ie cd90 thy 1 cd140a pdgfralpha sca 1 following exclusion non viable cells pi endothelial cells cd31 hematopoietic cells cd45 erythrocytes ter 119,2018,17395197,Thy-1 expression by cardiac fibroblasts: lack of association with myofibroblast contractile markers,13,282,29,"https://scholar.google.com/scholar?q=site:pubmed.ncbi.nlm.nih.gov considering heterogeneity cell type discriminated fibroblast populations embryonic day 17 adulthood expression three well reported markers cardiac fibroblasts ie cd90 thy 1 cd140a pdgfralpha sca 1 following exclusion non viable cells pi endothelial cells cd31 hematopoietic cells cd45 erythrocytes ter 119&hl=en&as_sdt=0,10&as_ylo=1977&as_yhi=2018","https://scholar.google.com/scholar?q=site:pubmed.ncbi.nlm.nih.gov considering OR heterogeneity OR cell OR type OR discriminated OR fibroblast OR populations OR embryonic OR day OR 17 OR adulthood OR expression OR three OR well OR reported OR markers OR cardiac OR fibroblasts OR ie OR cd90 OR thy OR 1 OR cd140a OR pdgfralpha OR sca OR 1 OR following OR exclusion OR non OR viable OR cells OR pi OR endothelial OR cells OR cd31 OR hematopoietic OR cells OR cd45 OR erythrocytes OR ter OR 119&hl=en&as_sdt=0,10&as_ylo=1977&as_yhi=2018"
29349939,prior studies korea shown men women inequalities smoking prevalence exist according education occupation income,2018,20675689,"Area deprivation, individual socioeconomic position and smoking among women in South Korea",348,67,97,"https://scholar.google.com/scholar?q=site:pubmed.ncbi.nlm.nih.gov prior studies korea shown men women inequalities smoking prevalence exist according education occupation income&hl=en&as_sdt=0,10&as_ylo=1977&as_yhi=2018","https://scholar.google.com/scholar?q=site:pubmed.ncbi.nlm.nih.gov prior OR studies OR korea OR shown OR men OR women OR inequalities OR smoking OR prevalence OR exist OR according OR education OR occupation OR income&hl=en&as_sdt=0,10&as_ylo=1977&as_yhi=2018"
28841019,one terpenoid cyclase tetraprenyl beta curcumene synthase ytpb catalyzes ionization cyclization heptaprenyl diphosphate form c35 product containing single beta curcumene ring figure 87,2017,21627333,Sesquarterpenes (C35 terpenes) biosynthesized via the cyclization of a linear C35 isoprenoid by a tetraprenyl-β-curcumene synthase and a tetraprenyl-β-curcumene cyclase: identification of a new terpene cyclase,1,1,5,"https://scholar.google.com/scholar?q=site:pubmed.ncbi.nlm.nih.gov one terpenoid cyclase tetraprenyl beta curcumene synthase ytpb catalyzes ionization cyclization heptaprenyl diphosphate form c35 product containing single beta curcumene ring figure 87&hl=en&as_sdt=0,10&as_ylo=1977&as_yhi=2017","https://scholar.google.com/scholar?q=site:pubmed.ncbi.nlm.nih.gov one OR terpenoid OR cyclase OR tetraprenyl OR beta OR curcumene OR synthase OR ytpb OR catalyzes OR ionization OR cyclization OR heptaprenyl OR diphosphate OR form OR c35 OR product OR containing OR single OR beta OR curcumene OR ring OR figure OR 87&hl=en&as_sdt=0,10&as_ylo=1977&as_yhi=2017"
21084430,roots carotenoid pathway flux relatively low upstream enzyme phytoene synthase 3 regulated response ws parallel regulation nced expression accumulation aba,2010,18162592,"PSY3, a new member of the phytoene synthase gene family conserved in the Poaceae and regulator of abiotic stress-induced root carotenogenesis",1,2,21,"https://scholar.google.com/scholar?q=site:pubmed.ncbi.nlm.nih.gov roots carotenoid pathway flux relatively low upstream enzyme phytoene synthase 3 regulated response ws parallel regulation nced expression accumulation aba&hl=en&as_sdt=0,10&as_ylo=1977&as_yhi=2010","https://scholar.google.com/scholar?q=site:pubmed.ncbi.nlm.nih.gov roots OR carotenoid OR pathway OR flux OR relatively OR low OR upstream OR enzyme OR phytoene OR synthase OR 3 OR regulated OR response OR ws OR parallel OR regulation OR nced OR expression OR accumulation OR aba&hl=en&as_sdt=0,10&as_ylo=1977&as_yhi=2010"
23641223,similar findings obtained context visual arts cupchik activation visual associative area right fusiform gyrus found subjects observed painting pragmatic attitude whereas activation bilateral insula left lateral prefrontal cortex obtained subjects observed painting aesthetic attitude focused beauty judgments,2012,19223099,Viewing artworks: contributions of cognitive control and perceptual facilitation to aesthetic experience,51,4,322,"https://scholar.google.com/scholar?q=site:pubmed.ncbi.nlm.nih.gov similar findings obtained context visual arts cupchik activation visual associative area right fusiform gyrus found subjects observed painting pragmatic attitude whereas activation bilateral insula left lateral prefrontal cortex obtained subjects observed painting aesthetic attitude focused beauty judgments&hl=en&as_sdt=0,10&as_ylo=1977&as_yhi=2012","https://scholar.google.com/scholar?q=site:pubmed.ncbi.nlm.nih.gov similar OR findings OR obtained OR context OR visual OR arts OR cupchik OR activation OR visual OR associative OR area OR right OR fusiform OR gyrus OR found OR subjects OR observed OR painting OR pragmatic OR attitude OR whereas OR activation OR bilateral OR insula OR left OR lateral OR prefrontal OR cortex OR obtained OR subjects OR observed OR painting OR aesthetic OR attitude OR focused OR beauty OR judgments&hl=en&as_sdt=0,10&as_ylo=1977&as_yhi=2012"
29101482,importantly recent study using multivariate models assessed association traditional novel risk factors hypertension hyperglycemia defined average hba1c duration diabetes nephropathy hypoglycemic events hyperlipidemia family history diabetes smoking major atherosclerotic cardiovascular events dcct cohort found hba1c extremely important risk factor major cardiovascular events less important age,2017,26895792,Risk Factors for Cardiovascular Disease in Type 1 Diabetes,2,10,103,"https://scholar.google.com/scholar?q=site:pubmed.ncbi.nlm.nih.gov importantly recent study using multivariate models assessed association traditional novel risk factors hypertension hyperglycemia defined average hba1c duration diabetes nephropathy hypoglycemic events hyperlipidemia family history diabetes smoking major atherosclerotic cardiovascular events dcct cohort found hba1c extremely important risk factor major cardiovascular events less important age&hl=en&as_sdt=0,10&as_ylo=1977&as_yhi=2017","https://scholar.google.com/scholar?q=site:pubmed.ncbi.nlm.nih.gov importantly OR recent OR study OR using OR multivariate OR models OR assessed OR association OR traditional OR novel OR risk OR factors OR hypertension OR hyperglycemia OR defined OR average OR hba1c OR duration OR diabetes OR nephropathy OR hypoglycemic OR events OR hyperlipidemia OR family OR history OR diabetes OR smoking OR major OR atherosclerotic OR cardiovascular OR events OR dcct OR cohort OR found OR hba1c OR extremely OR important OR risk OR factor OR major OR cardiovascular OR events OR less OR important OR age&hl=en&as_sdt=0,10&as_ylo=1977&as_yhi=2017"
14975050,sepsis acute organ dysfunction namely severe sepsis major threat life,2003,11445675,"Epidemiology of severe sepsis in the United States: analysis of incidence, outcome, and associated costs of care",11,68,474,"https://scholar.google.com/scholar?q=site:pubmed.ncbi.nlm.nih.gov sepsis acute organ dysfunction namely severe sepsis major threat life&hl=en&as_sdt=0,10&as_ylo=1977&as_yhi=2003","https://scholar.google.com/scholar?q=site:pubmed.ncbi.nlm.nih.gov sepsis OR acute OR organ OR dysfunction OR namely OR severe OR sepsis OR major OR threat OR life&hl=en&as_sdt=0,10&as_ylo=1977&as_yhi=2003"
23033955,although cys regulated independently gsh inflammatory responses redox potential reducing force eh gsh gssg couple compared cys cyss eh provides integrated picture oxidative stress within tissue,2012,18664641,Oxidation of plasma cysteine/cystine redox state in endotoxin-induced lung injury,4,6,379,"https://scholar.google.com/scholar?q=site:pubmed.ncbi.nlm.nih.gov although cys regulated independently gsh inflammatory responses redox potential reducing force eh gsh gssg couple compared cys cyss eh provides integrated picture oxidative stress within tissue&hl=en&as_sdt=0,10&as_ylo=1977&as_yhi=2012","https://scholar.google.com/scholar?q=site:pubmed.ncbi.nlm.nih.gov although OR cys OR regulated OR independently OR gsh OR inflammatory OR responses OR redox OR potential OR reducing OR force OR eh OR gsh OR gssg OR couple OR compared OR cys OR cyss OR eh OR provides OR integrated OR picture OR oxidative OR stress OR within OR tissue&hl=en&as_sdt=0,10&as_ylo=1977&as_yhi=2012"
23161689,prokaryotes genes complete genome sequence predicted genemarks self training program derived parameters well genetack,2012,11410670,GeneMarkS: a self-training method for prediction of gene starts in microbial genomes. Implications for finding sequence motifs in regulatory regions,9,9,769,"https://scholar.google.com/scholar?q=site:pubmed.ncbi.nlm.nih.gov prokaryotes genes complete genome sequence predicted genemarks self training program derived parameters well genetack&hl=en&as_sdt=0,10&as_ylo=1977&as_yhi=2012","https://scholar.google.com/scholar?q=site:pubmed.ncbi.nlm.nih.gov prokaryotes OR genes OR complete OR genome OR sequence OR predicted OR genemarks OR self OR training OR program OR derived OR parameters OR well OR genetack&hl=en&as_sdt=0,10&as_ylo=1977&as_yhi=2012"
21966246,brown rot p placenta shown enzyme ppl 111314 fig 2 found course genome project produced growth wood,2011,19193860,"Genome, transcriptome, and secretome analysis of wood decay fungus Postia placenta supports unique mechanisms of lignocellulose conversion",4,5,16,"https://scholar.google.com/scholar?q=site:pubmed.ncbi.nlm.nih.gov brown rot p placenta shown enzyme ppl 111314 fig 2 found course genome project produced growth wood&hl=en&as_sdt=0,10&as_ylo=1977&as_yhi=2011","https://scholar.google.com/scholar?q=site:pubmed.ncbi.nlm.nih.gov brown OR rot OR p OR placenta OR shown OR enzyme OR ppl OR 111314 OR fig OR 2 OR found OR course OR genome OR project OR produced OR growth OR wood&hl=en&as_sdt=0,10&as_ylo=1977&as_yhi=2011"
28428812,shoplifting considered impulsive behavior accompanies eating disorders similar substance abuse suicide attempts self injurious behavior sexual deviance particularly relation multi impulsive bulimia nervosa,2014,10889288,Multi-impulsivity of Japanese patients with eating disorders: primary and secondary impulsivity,1,859,40,"https://scholar.google.com/scholar?q=site:pubmed.ncbi.nlm.nih.gov shoplifting considered impulsive behavior accompanies eating disorders similar substance abuse suicide attempts self injurious behavior sexual deviance particularly relation multi impulsive bulimia nervosa&hl=en&as_sdt=0,10&as_ylo=1977&as_yhi=2014","https://scholar.google.com/scholar?q=site:pubmed.ncbi.nlm.nih.gov shoplifting OR considered OR impulsive OR behavior OR accompanies OR eating OR disorders OR similar OR substance OR abuse OR suicide OR attempts OR self OR injurious OR behavior OR sexual OR deviance OR particularly OR relation OR multi OR impulsive OR bulimia OR nervosa&hl=en&as_sdt=0,10&as_ylo=1977&as_yhi=2014"
27898072,recent 31p magnetization transfer mrs study medial frontal region included anterior cingulate found reduced creatine kinase reaction rate ph schizophrenia interpreted consistent dysfunctional glucose metabolism accumulation lactate,2016,24196348,In vivo evidence for cerebral bioenergetic abnormalities in schizophrenia measured using 31P magnetization transfer spectroscopy,10,1,659,"https://scholar.google.com/scholar?q=site:pubmed.ncbi.nlm.nih.gov recent 31p magnetization transfer mrs study medial frontal region included anterior cingulate found reduced creatine kinase reaction rate ph schizophrenia interpreted consistent dysfunctional glucose metabolism accumulation lactate&hl=en&as_sdt=0,10&as_ylo=1977&as_yhi=2016","https://scholar.google.com/scholar?q=site:pubmed.ncbi.nlm.nih.gov recent OR 31p OR magnetization OR transfer OR mrs OR study OR medial OR frontal OR region OR included OR anterior OR cingulate OR found OR reduced OR creatine OR kinase OR reaction OR rate OR ph OR schizophrenia OR interpreted OR consistent OR dysfunctional OR glucose OR metabolism OR accumulation OR lactate&hl=en&as_sdt=0,10&as_ylo=1977&as_yhi=2016"
28580227,2012 meta analysis studies published previous three decades indicated consistent increase cannabis potency worldwide,2017,22150622,Increasing delta-9-tetrahydrocannabinol (Δ-9-THC) content in herbal cannabis over time: systematic review and meta-analysis,1,2,42,"https://scholar.google.com/scholar?q=site:pubmed.ncbi.nlm.nih.gov 2012 meta analysis studies published previous three decades indicated consistent increase cannabis potency worldwide&hl=en&as_sdt=0,10&as_ylo=1977&as_yhi=2017","https://scholar.google.com/scholar?q=site:pubmed.ncbi.nlm.nih.gov 2012 OR meta OR analysis OR studies OR published OR previous OR three OR decades OR indicated OR consistent OR increase OR cannabis OR potency OR worldwide&hl=en&as_sdt=0,10&as_ylo=1977&as_yhi=2017"
24592316,recent phase 2 data indicate apremilast treatment induces significant improvement psoriasis psoriatic arthritis determined pasi 75 responses acr20 responses,2014,22806399,"Oral apremilast in the treatment of active psoriatic arthritis: results of a multicenter, randomized, double-blind, placebo-controlled study",6,4,52,"https://scholar.google.com/scholar?q=site:pubmed.ncbi.nlm.nih.gov recent phase 2 data indicate apremilast treatment induces significant improvement psoriasis psoriatic arthritis determined pasi 75 responses acr20 responses&hl=en&as_sdt=0,10&as_ylo=1977&as_yhi=2014","https://scholar.google.com/scholar?q=site:pubmed.ncbi.nlm.nih.gov recent OR phase OR 2 OR data OR indicate OR apremilast OR treatment OR induces OR significant OR improvement OR psoriasis OR psoriatic OR arthritis OR determined OR pasi OR 75 OR responses OR acr20 OR responses&hl=en&as_sdt=0,10&as_ylo=1977&as_yhi=2014"
22113371,stress facilitates eyeblink conditioning male rats impairs female rats especially diestrus phase bangasser shors hodes shors leuner shors wood wood shors,2011,9520494,"Stress facilitates classical conditioning in males, but impairs classical conditioning in females through activational effects of ovarian hormones",59,60,4,"https://scholar.google.com/scholar?q=site:pubmed.ncbi.nlm.nih.gov stress facilitates eyeblink conditioning male rats impairs female rats especially diestrus phase bangasser shors hodes shors leuner shors wood wood shors&hl=en&as_sdt=0,10&as_ylo=1977&as_yhi=2011","https://scholar.google.com/scholar?q=site:pubmed.ncbi.nlm.nih.gov stress OR facilitates OR eyeblink OR conditioning OR male OR rats OR impairs OR female OR rats OR especially OR diestrus OR phase OR bangasser OR shors OR hodes OR shors OR leuner OR shors OR wood OR wood OR shors&hl=en&as_sdt=0,10&as_ylo=1977&as_yhi=2011"
22162687,assumption sars coronavirus cov one primary reservoir host species pervasive chinese government mandated culling 10 000 palm civets paguma larvata see supplemental figure 1 supplementary material available online doi 101155 2011 741406 six individual civets live animal market tested positive,2011,17848070,"Bats, civets and the emergence of SARS",1,9,7,"https://scholar.google.com/scholar?q=site:pubmed.ncbi.nlm.nih.gov assumption sars coronavirus cov one primary reservoir host species pervasive chinese government mandated culling 10 000 palm civets paguma larvata see supplemental figure 1 supplementary material available online doi 101155 2011 741406 six individual civets live animal market tested positive&hl=en&as_sdt=0,10&as_ylo=1977&as_yhi=2011","https://scholar.google.com/scholar?q=site:pubmed.ncbi.nlm.nih.gov assumption OR sars OR coronavirus OR cov OR one OR primary OR reservoir OR host OR species OR pervasive OR chinese OR government OR mandated OR culling OR 10 OR 000 OR palm OR civets OR paguma OR larvata OR see OR supplemental OR figure OR 1 OR supplementary OR material OR available OR online OR doi OR 101155 OR 2011 OR 741406 OR six OR individual OR civets OR live OR animal OR market OR tested OR positive&hl=en&as_sdt=0,10&as_ylo=1977&as_yhi=2011"
28970629,duma observed qtc prolongation occurs spinal general anaesthesia persists post operatively sevoflurane anaesthesia also associated prolongation qtc interval difference sevoflurane desflurane respect qtc prolongation use many pharmacological agents could increase qtc interval,2017,26915850,A Comparison of the Effects of Sevoflurane and Desflurane on Corrected QT Interval Prolongation in Patients Undergoing Living Donor Liver Transplantation: A Prospective Observational Study,8,7,181,"https://scholar.google.com/scholar?q=site:pubmed.ncbi.nlm.nih.gov duma observed qtc prolongation occurs spinal general anaesthesia persists post operatively sevoflurane anaesthesia also associated prolongation qtc interval difference sevoflurane desflurane respect qtc prolongation use many pharmacological agents could increase qtc interval&hl=en&as_sdt=0,10&as_ylo=1977&as_yhi=2017","https://scholar.google.com/scholar?q=site:pubmed.ncbi.nlm.nih.gov duma OR observed OR qtc OR prolongation OR occurs OR spinal OR general OR anaesthesia OR persists OR post OR operatively OR sevoflurane OR anaesthesia OR also OR associated OR prolongation OR qtc OR interval OR difference OR sevoflurane OR desflurane OR respect OR qtc OR prolongation OR use OR many OR pharmacological OR agents OR could OR increase OR qtc OR interval&hl=en&as_sdt=0,10&as_ylo=1977&as_yhi=2017"
28895919,article france authors examined relationship liver fat content indices lipolysis determined whether degree lipolysis may reflect insulin resistance metabolic liver disease,2017,27399690,"Liver Fat Measured by MR Spectroscopy: Estimate of Imprecision and Relationship with Serum Glycerol, Caeruloplasmin and Non-Esterified Fatty Acids",1,1,235,"https://scholar.google.com/scholar?q=site:pubmed.ncbi.nlm.nih.gov article france authors examined relationship liver fat content indices lipolysis determined whether degree lipolysis may reflect insulin resistance metabolic liver disease&hl=en&as_sdt=0,10&as_ylo=1977&as_yhi=2017","https://scholar.google.com/scholar?q=site:pubmed.ncbi.nlm.nih.gov article OR france OR authors OR examined OR relationship OR liver OR fat OR content OR indices OR lipolysis OR determined OR whether OR degree OR lipolysis OR may OR reflect OR insulin OR resistance OR metabolic OR liver OR disease&hl=en&as_sdt=0,10&as_ylo=1977&as_yhi=2017"
28850071,granzyme k promotes pro inflammatory response production tnf alpha il6 monocyte chemotactic protein 1 elevated sepsis also released activated cells multiple sclerosis,2017,24711407,Granzyme K synergistically potentiates LPS-induced cytokine responses in human monocytes,23,2,16,"https://scholar.google.com/scholar?q=site:pubmed.ncbi.nlm.nih.gov granzyme k promotes pro inflammatory response production tnf alpha il6 monocyte chemotactic protein 1 elevated sepsis also released activated cells multiple sclerosis&hl=en&as_sdt=0,10&as_ylo=1977&as_yhi=2017","https://scholar.google.com/scholar?q=site:pubmed.ncbi.nlm.nih.gov granzyme OR k OR promotes OR pro OR inflammatory OR response OR production OR tnf OR alpha OR il6 OR monocyte OR chemotactic OR protein OR 1 OR elevated OR sepsis OR also OR released OR activated OR cells OR multiple OR sclerosis&hl=en&as_sdt=0,10&as_ylo=1977&as_yhi=2017"
28416970,several mechanisms proposed pathogenesis copd oxidative stress inflammation protease antiprotease epigenetics apoptosis cellular senescence,2016,21296096,"Current concepts on oxidative/carbonyl stress, inflammation and epigenetics in pathogenesis of chronic obstructive pulmonary disease",12,11,622,"https://scholar.google.com/scholar?q=site:pubmed.ncbi.nlm.nih.gov several mechanisms proposed pathogenesis copd oxidative stress inflammation protease antiprotease epigenetics apoptosis cellular senescence&hl=en&as_sdt=0,10&as_ylo=1977&as_yhi=2016","https://scholar.google.com/scholar?q=site:pubmed.ncbi.nlm.nih.gov several OR mechanisms OR proposed OR pathogenesis OR copd OR oxidative OR stress OR inflammation OR protease OR antiprotease OR epigenetics OR apoptosis OR cellular OR senescence&hl=en&as_sdt=0,10&as_ylo=1977&as_yhi=2016"
23046482,recently weigelt compared agreement subtype assignment across 3 different intrinsic genes based single sample predictor ssp found fair substantial pairwise agreement,2012,20181526,Breast cancer molecular profiling with single sample predictors: a retrospective analysis,1,1,316,"https://scholar.google.com/scholar?q=site:pubmed.ncbi.nlm.nih.gov recently weigelt compared agreement subtype assignment across 3 different intrinsic genes based single sample predictor ssp found fair substantial pairwise agreement&hl=en&as_sdt=0,10&as_ylo=1977&as_yhi=2012","https://scholar.google.com/scholar?q=site:pubmed.ncbi.nlm.nih.gov recently OR weigelt OR compared OR agreement OR subtype OR assignment OR across OR 3 OR different OR intrinsic OR genes OR based OR single OR sample OR predictor OR ssp OR found OR fair OR substantial OR pairwise OR agreement&hl=en&as_sdt=0,10&as_ylo=1977&as_yhi=2012"
24694711,overall extremely broad diversity novel gokushovirus mcp sequences recovered primers reflecting results seen signature gene amplification studies dsdna phages,2013,21926220,Development of phoH as a novel signature gene for assessing marine phage diversity,1,3,3,"https://scholar.google.com/scholar?q=site:pubmed.ncbi.nlm.nih.gov overall extremely broad diversity novel gokushovirus mcp sequences recovered primers reflecting results seen signature gene amplification studies dsdna phages&hl=en&as_sdt=0,10&as_ylo=1977&as_yhi=2013","https://scholar.google.com/scholar?q=site:pubmed.ncbi.nlm.nih.gov overall OR extremely OR broad OR diversity OR novel OR gokushovirus OR mcp OR sequences OR recovered OR primers OR reflecting OR results OR seen OR signature OR gene OR amplification OR studies OR dsdna OR phages&hl=en&as_sdt=0,10&as_ylo=1977&as_yhi=2013"
27190635,rizzo developed modified vitrectomy probe design extra aspiration port internal capilair extend overall duty cycle,2016,21685823,Comparative study between a standard 25-gauge vitrectomy system and a new ultrahigh-speed 25-gauge system with duty cycle control in the treatment of various vitreoretinal diseases,137,1,18,"https://scholar.google.com/scholar?q=site:pubmed.ncbi.nlm.nih.gov rizzo developed modified vitrectomy probe design extra aspiration port internal capilair extend overall duty cycle&hl=en&as_sdt=0,10&as_ylo=1977&as_yhi=2016","https://scholar.google.com/scholar?q=site:pubmed.ncbi.nlm.nih.gov rizzo OR developed OR modified OR vitrectomy OR probe OR design OR extra OR aspiration OR port OR internal OR capilair OR extend OR overall OR duty OR cycle&hl=en&as_sdt=0,10&as_ylo=1977&as_yhi=2016"
26941719,c terminal domain pentraxin domain ptx 3 homologous short chain pentraxin proteins involved recognition pathogenic bacteria fungi activate classical complement pathway via c1q complement pathway component,2015,25592778,Crystal structures for short-chain pentraxin from zebrafish demonstrate a cyclic trimer with new recognition and effector faces,1,64,11,"https://scholar.google.com/scholar?q=site:pubmed.ncbi.nlm.nih.gov c terminal domain pentraxin domain ptx 3 homologous short chain pentraxin proteins involved recognition pathogenic bacteria fungi activate classical complement pathway via c1q complement pathway component&hl=en&as_sdt=0,10&as_ylo=1977&as_yhi=2015","https://scholar.google.com/scholar?q=site:pubmed.ncbi.nlm.nih.gov c OR terminal OR domain OR pentraxin OR domain OR ptx OR 3 OR homologous OR short OR chain OR pentraxin OR proteins OR involved OR recognition OR pathogenic OR bacteria OR fungi OR activate OR classical OR complement OR pathway OR via OR c1q OR complement OR pathway OR component&hl=en&as_sdt=0,10&as_ylo=1977&as_yhi=2015"
20936117,however since expression key gluconeogenic genes hgp increased pparalpha mice compared control mice suggests pparalpha liver upregulate gluconeogenesis via compensatory mechanisms despite decreased systemic glucose levels increased peripheral production gluconeogenic substrate lactate,2010,12176975,Peroxisome proliferator-activated receptor alpha (PPARalpha) influences substrate utilization for hepatic glucose production,4,233,105,"https://scholar.google.com/scholar?q=site:pubmed.ncbi.nlm.nih.gov however since expression key gluconeogenic genes hgp increased pparalpha mice compared control mice suggests pparalpha liver upregulate gluconeogenesis via compensatory mechanisms despite decreased systemic glucose levels increased peripheral production gluconeogenic substrate lactate&hl=en&as_sdt=0,10&as_ylo=1977&as_yhi=2010","https://scholar.google.com/scholar?q=site:pubmed.ncbi.nlm.nih.gov however OR since OR expression OR key OR gluconeogenic OR genes OR hgp OR increased OR pparalpha OR mice OR compared OR control OR mice OR suggests OR pparalpha OR liver OR upregulate OR gluconeogenesis OR via OR compensatory OR mechanisms OR despite OR decreased OR systemic OR glucose OR levels OR increased OR peripheral OR production OR gluconeogenic OR substrate OR lactate&hl=en&as_sdt=0,10&as_ylo=1977&as_yhi=2010"
23570619,reported superior antitumor activity tpgs due increasing ability induce apoptosis,2013,16081183,Enhanced anticancer efficacy of alpha-tocopheryl succinate by conjugation with polyethylene glycol,2,605,9,"https://scholar.google.com/scholar?q=site:pubmed.ncbi.nlm.nih.gov reported superior antitumor activity tpgs due increasing ability induce apoptosis&hl=en&as_sdt=0,10&as_ylo=1977&as_yhi=2013","https://scholar.google.com/scholar?q=site:pubmed.ncbi.nlm.nih.gov reported OR superior OR antitumor OR activity OR tpgs OR due OR increasing OR ability OR induce OR apoptosis&hl=en&as_sdt=0,10&as_ylo=1977&as_yhi=2013"
21966246,rodríguez rincón therefore suggested treat enzyme bona fide laccase,2011,20717649,Molecular and structural modeling of the Phanerochaete flavido-alba extracellular laccase reveals its ferroxidase structure,667,100,210,"https://scholar.google.com/scholar?q=site:pubmed.ncbi.nlm.nih.gov rodríguez rincón therefore suggested treat enzyme bona fide laccase&hl=en&as_sdt=0,10&as_ylo=1977&as_yhi=2011","https://scholar.google.com/scholar?q=site:pubmed.ncbi.nlm.nih.gov rodríguez OR rincón OR therefore OR suggested OR treat OR enzyme OR bona OR fide OR laccase&hl=en&as_sdt=0,10&as_ylo=1977&as_yhi=2011"
11901171,motile cells adf cofilin accumulated lamellipodia involved increase number free barbed ends leading edge upon growth factor stimulation,2002,10662778,Role of cofilin in epidermal growth factor-stimulated actin polymerization and lamellipod protrusion,1,3,5,"https://scholar.google.com/scholar?q=site:pubmed.ncbi.nlm.nih.gov motile cells adf cofilin accumulated lamellipodia involved increase number free barbed ends leading edge upon growth factor stimulation&hl=en&as_sdt=0,10&as_ylo=1977&as_yhi=2002","https://scholar.google.com/scholar?q=site:pubmed.ncbi.nlm.nih.gov motile OR cells OR adf OR cofilin OR accumulated OR lamellipodia OR involved OR increase OR number OR free OR barbed OR ends OR leading OR edge OR upon OR growth OR factor OR stimulation&hl=en&as_sdt=0,10&as_ylo=1977&as_yhi=2002"
25279529,quimby bootvong compared plaster digital orthocad models showed methods effective reproduced measuring tooth size dental arch widths,2014,20164126,Virtual model analysis as an alternative approach to plaster model analysis: reliability and validity,27,7,535,"https://scholar.google.com/scholar?q=site:pubmed.ncbi.nlm.nih.gov quimby bootvong compared plaster digital orthocad models showed methods effective reproduced measuring tooth size dental arch widths&hl=en&as_sdt=0,10&as_ylo=1977&as_yhi=2014","https://scholar.google.com/scholar?q=site:pubmed.ncbi.nlm.nih.gov quimby OR bootvong OR compared OR plaster OR digital OR orthocad OR models OR showed OR methods OR effective OR reproduced OR measuring OR tooth OR size OR dental OR arch OR widths&hl=en&as_sdt=0,10&as_ylo=1977&as_yhi=2014"
10085298,line thought could also cause small fak hyperphosphorylation ptp pest cells since sh3 domain p130cas bind proline rich region fak fak also substrate src,1999,8816475,Evidence for in vivo phosphorylation of the Grb2 SH2-domain binding site on focal adhesion kinase by Src-family protein-tyrosine kinases,114,63,241,"https://scholar.google.com/scholar?q=site:pubmed.ncbi.nlm.nih.gov line thought could also cause small fak hyperphosphorylation ptp pest cells since sh3 domain p130cas bind proline rich region fak fak also substrate src&hl=en&as_sdt=0,10&as_ylo=1977&as_yhi=1999","https://scholar.google.com/scholar?q=site:pubmed.ncbi.nlm.nih.gov line OR thought OR could OR also OR cause OR small OR fak OR hyperphosphorylation OR ptp OR pest OR cells OR since OR sh3 OR domain OR p130cas OR bind OR proline OR rich OR region OR fak OR fak OR also OR substrate OR src&hl=en&as_sdt=0,10&as_ylo=1977&as_yhi=1999"
27347952,cavuto proposed laser ultrasonic technique inspection hollow axle outer surface,2016,25189819,Experimental investigation by laser ultrasonics for high speed train axle diagnostics,2,1,130,"https://scholar.google.com/scholar?q=site:pubmed.ncbi.nlm.nih.gov cavuto proposed laser ultrasonic technique inspection hollow axle outer surface&hl=en&as_sdt=0,10&as_ylo=1977&as_yhi=2016","https://scholar.google.com/scholar?q=site:pubmed.ncbi.nlm.nih.gov cavuto OR proposed OR laser OR ultrasonic OR technique OR inspection OR hollow OR axle OR outer OR surface&hl=en&as_sdt=0,10&as_ylo=1977&as_yhi=2016"
25477856,pattern reading confirmed experimentally protopapas examining discrete serial naming digits objects words greek second sixth graders,2014,24077466,Development of serial processing in reading and rapid naming,1,1,340,"https://scholar.google.com/scholar?q=site:pubmed.ncbi.nlm.nih.gov pattern reading confirmed experimentally protopapas examining discrete serial naming digits objects words greek second sixth graders&hl=en&as_sdt=0,10&as_ylo=1977&as_yhi=2014","https://scholar.google.com/scholar?q=site:pubmed.ncbi.nlm.nih.gov pattern OR reading OR confirmed OR experimentally OR protopapas OR examining OR discrete OR serial OR naming OR digits OR objects OR words OR greek OR second OR sixth OR graders&hl=en&as_sdt=0,10&as_ylo=1977&as_yhi=2014"
23758935,successfully quantified 100 transporter proteins isolated human brain microvessels,2013,21707071,Transcriptomic and quantitative proteomic analysis of transporters and drug metabolizing enzymes in freshly isolated human brain microvessels,11,1,7,"https://scholar.google.com/scholar?q=site:pubmed.ncbi.nlm.nih.gov successfully quantified 100 transporter proteins isolated human brain microvessels&hl=en&as_sdt=0,10&as_ylo=1977&as_yhi=2013","https://scholar.google.com/scholar?q=site:pubmed.ncbi.nlm.nih.gov successfully OR quantified OR 100 OR transporter OR proteins OR isolated OR human OR brain OR microvessels&hl=en&as_sdt=0,10&as_ylo=1977&as_yhi=2013"
25512743,use diamond polishing pastes porcelain polishing dental office common practice dentistry pastes provide efficient polishing use recommended appropriate vehicle,2014,17262123,Surface roughness of a dental ceramic after polishing with different vehicles and diamond pastes,2,3,9,"https://scholar.google.com/scholar?q=site:pubmed.ncbi.nlm.nih.gov use diamond polishing pastes porcelain polishing dental office common practice dentistry pastes provide efficient polishing use recommended appropriate vehicle&hl=en&as_sdt=0,10&as_ylo=1977&as_yhi=2014","https://scholar.google.com/scholar?q=site:pubmed.ncbi.nlm.nih.gov use OR diamond OR polishing OR pastes OR porcelain OR polishing OR dental OR office OR common OR practice OR dentistry OR pastes OR provide OR efficient OR polishing OR use OR recommended OR appropriate OR vehicle&hl=en&as_sdt=0,10&as_ylo=1977&as_yhi=2014"
27478494,comparison primary resection anastomosis pra without defunctioning stoma hartmann procedure hp optimal operative strategy patients presenting hinchey stage iii iv published constantinides,2016,17197971,Operative strategies for diverticular peritonitis: a decision analysis between primary resection and anastomosis versus Hartmann's procedures,1,2,38,"https://scholar.google.com/scholar?q=site:pubmed.ncbi.nlm.nih.gov comparison primary resection anastomosis pra without defunctioning stoma hartmann procedure hp optimal operative strategy patients presenting hinchey stage iii iv published constantinides&hl=en&as_sdt=0,10&as_ylo=1977&as_yhi=2016","https://scholar.google.com/scholar?q=site:pubmed.ncbi.nlm.nih.gov comparison OR primary OR resection OR anastomosis OR pra OR without OR defunctioning OR stoma OR hartmann OR procedure OR hp OR optimal OR operative OR strategy OR patients OR presenting OR hinchey OR stage OR iii OR iv OR published OR constantinides&hl=en&as_sdt=0,10&as_ylo=1977&as_yhi=2016"
26042095,similar previously found rasche study sweet pepper shoots,2014,17215894,Chilling and cultivar type affect the diversity of bacterial endophytes colonizing sweet pepper (Capsicum anuum L.),28,97,125,"https://scholar.google.com/scholar?q=site:pubmed.ncbi.nlm.nih.gov similar previously found rasche study sweet pepper shoots&hl=en&as_sdt=0,10&as_ylo=1977&as_yhi=2014","https://scholar.google.com/scholar?q=site:pubmed.ncbi.nlm.nih.gov similar OR previously OR found OR rasche OR study OR sweet OR pepper OR shoots&hl=en&as_sdt=0,10&as_ylo=1977&as_yhi=2014"
29511021,one survey showed 45 stroke services provided formal vision assessment patients stroke,2018,20521877,Who sees visual impairment following stroke?,1,20,294,"https://scholar.google.com/scholar?q=site:pubmed.ncbi.nlm.nih.gov one survey showed 45 stroke services provided formal vision assessment patients stroke&hl=en&as_sdt=0,10&as_ylo=1977&as_yhi=2018","https://scholar.google.com/scholar?q=site:pubmed.ncbi.nlm.nih.gov one OR survey OR showed OR 45 OR stroke OR services OR provided OR formal OR vision OR assessment OR patients OR stroke&hl=en&as_sdt=0,10&as_ylo=1977&as_yhi=2018"
23385483,interestingly recent work gene deletion libraries yeast shows acquired hydrogen peroxide h2o2 tolerance three distinct pretreatments occurs different mechanisms depending prior cellular experiences,2012,22102822,Multiple means to the same end: the genetic basis of acquired stress resistance in yeast,1,5,11,"https://scholar.google.com/scholar?q=site:pubmed.ncbi.nlm.nih.gov interestingly recent work gene deletion libraries yeast shows acquired hydrogen peroxide h2o2 tolerance three distinct pretreatments occurs different mechanisms depending prior cellular experiences&hl=en&as_sdt=0,10&as_ylo=1977&as_yhi=2012","https://scholar.google.com/scholar?q=site:pubmed.ncbi.nlm.nih.gov interestingly OR recent OR work OR gene OR deletion OR libraries OR yeast OR shows OR acquired OR hydrogen OR peroxide OR h2o2 OR tolerance OR three OR distinct OR pretreatments OR occurs OR different OR mechanisms OR depending OR prior OR cellular OR experiences&hl=en&as_sdt=0,10&as_ylo=1977&as_yhi=2012"
29674821,possible explanation may due ability ah plus penetrate microirregularities due high creep capacity one reasons may edta exposes collagen fibers low surface free energy demineralizing dentin surface hence enhancing spreading hydrophobic like materials higher pushout strength ah plus compared mta plus shown sönmez also supports result present study,2018,19345800,The effect of different irrigating solutions on bond strength of two root canal-filling systems,37,677,200,"https://scholar.google.com/scholar?q=site:pubmed.ncbi.nlm.nih.gov possible explanation may due ability ah plus penetrate microirregularities due high creep capacity one reasons may edta exposes collagen fibers low surface free energy demineralizing dentin surface hence enhancing spreading hydrophobic like materials higher pushout strength ah plus compared mta plus shown sönmez also supports result present study&hl=en&as_sdt=0,10&as_ylo=1977&as_yhi=2018","https://scholar.google.com/scholar?q=site:pubmed.ncbi.nlm.nih.gov possible OR explanation OR may OR due OR ability OR ah OR plus OR penetrate OR microirregularities OR due OR high OR creep OR capacity OR one OR reasons OR may OR edta OR exposes OR collagen OR fibers OR low OR surface OR free OR energy OR demineralizing OR dentin OR surface OR hence OR enhancing OR spreading OR hydrophobic OR like OR materials OR higher OR pushout OR strength OR ah OR plus OR compared OR mta OR plus OR shown OR sönmez OR also OR supports OR result OR present OR study&hl=en&as_sdt=0,10&as_ylo=1977&as_yhi=2018"
26895099,long non coding rnas lncrnas 200 nucleotides defined non protein coding rnas distinct housekeeping rnas trnas rrnas snrnas,2016,23391415,Long non-coding RNAs: challenges for diagnosis and therapies,171,218,111,"https://scholar.google.com/scholar?q=site:pubmed.ncbi.nlm.nih.gov long non coding rnas lncrnas 200 nucleotides defined non protein coding rnas distinct housekeeping rnas trnas rrnas snrnas&hl=en&as_sdt=0,10&as_ylo=1977&as_yhi=2016","https://scholar.google.com/scholar?q=site:pubmed.ncbi.nlm.nih.gov long OR non OR coding OR rnas OR lncrnas OR 200 OR nucleotides OR defined OR non OR protein OR coding OR rnas OR distinct OR housekeeping OR rnas OR trnas OR rrnas OR snrnas&hl=en&as_sdt=0,10&as_ylo=1977&as_yhi=2016"
29382156,hand recent meta analysis evaluated seven studies n 462 demonstrated melatonin improve cognitive abilities ad patients received hormone 10 days 24 weeks showing effects prolonging total sleep time night patients,2018,27645169,"Meta-analysis of randomized, double-blind, placebo-controlled trials of melatonin in Alzheimer's disease",1,1,33,"https://scholar.google.com/scholar?q=site:pubmed.ncbi.nlm.nih.gov hand recent meta analysis evaluated seven studies n 462 demonstrated melatonin improve cognitive abilities ad patients received hormone 10 days 24 weeks showing effects prolonging total sleep time night patients&hl=en&as_sdt=0,10&as_ylo=1977&as_yhi=2018","https://scholar.google.com/scholar?q=site:pubmed.ncbi.nlm.nih.gov hand OR recent OR meta OR analysis OR evaluated OR seven OR studies OR n OR 462 OR demonstrated OR melatonin OR improve OR cognitive OR abilities OR ad OR patients OR received OR hormone OR 10 OR days OR 24 OR weeks OR showing OR effects OR prolonging OR total OR sleep OR time OR night OR patients&hl=en&as_sdt=0,10&as_ylo=1977&as_yhi=2018"
23294285,vivo suppression cdk5 activity gene targeting vivo rna interference dominant negative experiments shown lead severe neuronal migration defects fig 4b,2012,16341208,Cdk5 phosphorylates and stabilizes p27kip1 contributing to actin organization and cortical neuronal migration,4,38,2,"https://scholar.google.com/scholar?q=site:pubmed.ncbi.nlm.nih.gov vivo suppression cdk5 activity gene targeting vivo rna interference dominant negative experiments shown lead severe neuronal migration defects fig 4b&hl=en&as_sdt=0,10&as_ylo=1977&as_yhi=2012","https://scholar.google.com/scholar?q=site:pubmed.ncbi.nlm.nih.gov vivo OR suppression OR cdk5 OR activity OR gene OR targeting OR vivo OR rna OR interference OR dominant OR negative OR experiments OR shown OR lead OR severe OR neuronal OR migration OR defects OR fig OR 4b&hl=en&as_sdt=0,10&as_ylo=1977&as_yhi=2012"
26150212,low atp low phosphocreatine detected quadriceps muscle fms trapezius muscle patients chronic trapezius myalgia,2015,23364928,Decreased muscle concentrations of ATP and PCR in the quadriceps muscle of fibromyalgia patients--a 31P-MRS study,9,4,9,"https://scholar.google.com/scholar?q=site:pubmed.ncbi.nlm.nih.gov low atp low phosphocreatine detected quadriceps muscle fms trapezius muscle patients chronic trapezius myalgia&hl=en&as_sdt=0,10&as_ylo=1977&as_yhi=2015","https://scholar.google.com/scholar?q=site:pubmed.ncbi.nlm.nih.gov low OR atp OR low OR phosphocreatine OR detected OR quadriceps OR muscle OR fms OR trapezius OR muscle OR patients OR chronic OR trapezius OR myalgia&hl=en&as_sdt=0,10&as_ylo=1977&as_yhi=2015"
19477976,whitfield identified 1134 genes periodically expressed cell cycle,2009,12058064,Identification of genes periodically expressed in the human cell cycle and their expression in tumors,6,1,2,"https://scholar.google.com/scholar?q=site:pubmed.ncbi.nlm.nih.gov whitfield identified 1134 genes periodically expressed cell cycle&hl=en&as_sdt=0,10&as_ylo=1977&as_yhi=2009","https://scholar.google.com/scholar?q=site:pubmed.ncbi.nlm.nih.gov whitfield OR identified OR 1134 OR genes OR periodically OR expressed OR cell OR cycle&hl=en&as_sdt=0,10&as_ylo=1977&as_yhi=2009"
26316706,apelin apj receptor expressed pancreatic islet cells appear involved energy metabolism,2015,15970338,"The apj receptor is expressed in pancreatic islets and its ligand, apelin, inhibits insulin secretion in mice",1,33,5,"https://scholar.google.com/scholar?q=site:pubmed.ncbi.nlm.nih.gov apelin apj receptor expressed pancreatic islet cells appear involved energy metabolism&hl=en&as_sdt=0,10&as_ylo=1977&as_yhi=2015","https://scholar.google.com/scholar?q=site:pubmed.ncbi.nlm.nih.gov apelin OR apj OR receptor OR expressed OR pancreatic OR islet OR cells OR appear OR involved OR energy OR metabolism&hl=en&as_sdt=0,10&as_ylo=1977&as_yhi=2015"
24799429,notably implication trx grx protein family completely elucidated progeroid syndromes although trx proteins relevant role aging,2014,12742531,Modulation of glutathione and thioredoxin systems by calorie restriction during the aging process,81,529,229,"https://scholar.google.com/scholar?q=site:pubmed.ncbi.nlm.nih.gov notably implication trx grx protein family completely elucidated progeroid syndromes although trx proteins relevant role aging&hl=en&as_sdt=0,10&as_ylo=1977&as_yhi=2014","https://scholar.google.com/scholar?q=site:pubmed.ncbi.nlm.nih.gov notably OR implication OR trx OR grx OR protein OR family OR completely OR elucidated OR progeroid OR syndromes OR although OR trx OR proteins OR relevant OR role OR aging&hl=en&as_sdt=0,10&as_ylo=1977&as_yhi=2014"
24773078,support mutant mice harbouring point mutated gabaars engineered etomidate insensitive beta2n265s belelli reynolds propofol etomidate insensitive beta3n265m pistis jurd display dramatically altered behavioural responses anaesthetics revealing specific anaesthetic behaviours assigned individual gabaar populations,2014,13679430,Sedation and anesthesia mediated by distinct GABA(A) receptor isoforms,88,183,140,"https://scholar.google.com/scholar?q=site:pubmed.ncbi.nlm.nih.gov support mutant mice harbouring point mutated gabaars engineered etomidate insensitive beta2n265s belelli reynolds propofol etomidate insensitive beta3n265m pistis jurd display dramatically altered behavioural responses anaesthetics revealing specific anaesthetic behaviours assigned individual gabaar populations&hl=en&as_sdt=0,10&as_ylo=1977&as_yhi=2014","https://scholar.google.com/scholar?q=site:pubmed.ncbi.nlm.nih.gov support OR mutant OR mice OR harbouring OR point OR mutated OR gabaars OR engineered OR etomidate OR insensitive OR beta2n265s OR belelli OR reynolds OR propofol OR etomidate OR insensitive OR beta3n265m OR pistis OR jurd OR display OR dramatically OR altered OR behavioural OR responses OR anaesthetics OR revealing OR specific OR anaesthetic OR behaviours OR assigned OR individual OR gabaar OR populations&hl=en&as_sdt=0,10&as_ylo=1977&as_yhi=2014"
25765881,mckinley describe good personal care information reduce experience vulnerability,2015,12008875,Vulnerability and security in seriously ill patients in intensive care,56,14,28,"https://scholar.google.com/scholar?q=site:pubmed.ncbi.nlm.nih.gov mckinley describe good personal care information reduce experience vulnerability&hl=en&as_sdt=0,10&as_ylo=1977&as_yhi=2015","https://scholar.google.com/scholar?q=site:pubmed.ncbi.nlm.nih.gov mckinley OR describe OR good OR personal OR care OR information OR reduce OR experience OR vulnerability&hl=en&as_sdt=0,10&as_ylo=1977&as_yhi=2015"
21586165,addition longer treatment duration antipsychotics persistence found associated improved symptom severity levels greater functional outcomes treatment patients schizophrenia,2011,17854239,"Longer time to antipsychotic treatment discontinuation for any cause is associated with better functional outcomes for patients with schizophrenia, schizophreniform disorder, or schizoaffective disorder",1,1,2,"https://scholar.google.com/scholar?q=site:pubmed.ncbi.nlm.nih.gov addition longer treatment duration antipsychotics persistence found associated improved symptom severity levels greater functional outcomes treatment patients schizophrenia&hl=en&as_sdt=0,10&as_ylo=1977&as_yhi=2011","https://scholar.google.com/scholar?q=site:pubmed.ncbi.nlm.nih.gov addition OR longer OR treatment OR duration OR antipsychotics OR persistence OR found OR associated OR improved OR symptom OR severity OR levels OR greater OR functional OR outcomes OR treatment OR patients OR schizophrenia&hl=en&as_sdt=0,10&as_ylo=1977&as_yhi=2011"
29324700,future work may investigate alternate methods lameness simulation ie turpentine injection excessive movement head potentially holds classification value detection individuals early signs lameness,2018,24635631,Development of a lameness model in sheep for assessing efficacy of analgesics,1,26,422,"https://scholar.google.com/scholar?q=site:pubmed.ncbi.nlm.nih.gov future work may investigate alternate methods lameness simulation ie turpentine injection excessive movement head potentially holds classification value detection individuals early signs lameness&hl=en&as_sdt=0,10&as_ylo=1977&as_yhi=2018","https://scholar.google.com/scholar?q=site:pubmed.ncbi.nlm.nih.gov future OR work OR may OR investigate OR alternate OR methods OR lameness OR simulation OR ie OR turpentine OR injection OR excessive OR movement OR head OR potentially OR holds OR classification OR value OR detection OR individuals OR early OR signs OR lameness&hl=en&as_sdt=0,10&as_ylo=1977&as_yhi=2018"
21059853,substantiating role trib1 identified common insertion site leukemias induced hoxa9 meis1 retroviruses myc trib1 co overexpressed aml patients,2010,17227832,Trib1 and Evi1 cooperate with Hoxa and Meis1 in myeloid leukemogenesis,1,1,5,"https://scholar.google.com/scholar?q=site:pubmed.ncbi.nlm.nih.gov substantiating role trib1 identified common insertion site leukemias induced hoxa9 meis1 retroviruses myc trib1 co overexpressed aml patients&hl=en&as_sdt=0,10&as_ylo=1977&as_yhi=2010","https://scholar.google.com/scholar?q=site:pubmed.ncbi.nlm.nih.gov substantiating OR role OR trib1 OR identified OR common OR insertion OR site OR leukemias OR induced OR hoxa9 OR meis1 OR retroviruses OR myc OR trib1 OR co OR overexpressed OR aml OR patients&hl=en&as_sdt=0,10&as_ylo=1977&as_yhi=2010"
24551595,furthermore dna methylation hpv l1 l2 nucleotide positions 5600 5609 highly correlates cervical cancer grade supporting prognostic function hpv dna methylation,2013,24268385,Quantitative measurement of Human Papillomavirus type 16 L1/L2 DNA methylation correlates with cervical disease grade,1,1,15,"https://scholar.google.com/scholar?q=site:pubmed.ncbi.nlm.nih.gov furthermore dna methylation hpv l1 l2 nucleotide positions 5600 5609 highly correlates cervical cancer grade supporting prognostic function hpv dna methylation&hl=en&as_sdt=0,10&as_ylo=1977&as_yhi=2013","https://scholar.google.com/scholar?q=site:pubmed.ncbi.nlm.nih.gov furthermore OR dna OR methylation OR hpv OR l1 OR l2 OR nucleotide OR positions OR 5600 OR 5609 OR highly OR correlates OR cervical OR cancer OR grade OR supporting OR prognostic OR function OR hpv OR dna OR methylation&hl=en&as_sdt=0,10&as_ylo=1977&as_yhi=2013"
29535724,hiv siv associated changes cellular composition within gcs changes tfh tfr cell ratio may contribute accumulation tfh cells least macaques,2017,26297764,Decreased T Follicular Regulatory Cell/T Follicular Helper Cell (TFH) in Simian Immunodeficiency Virus-Infected Rhesus Macaques May Contribute to Accumulation of TFH in Chronic Infection,39,1,187,"https://scholar.google.com/scholar?q=site:pubmed.ncbi.nlm.nih.gov hiv siv associated changes cellular composition within gcs changes tfh tfr cell ratio may contribute accumulation tfh cells least macaques&hl=en&as_sdt=0,10&as_ylo=1977&as_yhi=2017","https://scholar.google.com/scholar?q=site:pubmed.ncbi.nlm.nih.gov hiv OR siv OR associated OR changes OR cellular OR composition OR within OR gcs OR changes OR tfh OR tfr OR cell OR ratio OR may OR contribute OR accumulation OR tfh OR cells OR least OR macaques&hl=en&as_sdt=0,10&as_ylo=1977&as_yhi=2017"
25200501,intriguingly deacetylating activity human sirt6 preferentially removes acyl chains ranging length 6 14 carbons strongly stimulated free fatty acids suggests sirt6 catalyzed deacetylation may coupled concentration various intracellular metabolites,2014,24052263,Activation of the protein deacetylase SIRT6 by long-chain fatty acids and widespread deacylation by mammalian sirtuins,1,1,1,"https://scholar.google.com/scholar?q=site:pubmed.ncbi.nlm.nih.gov intriguingly deacetylating activity human sirt6 preferentially removes acyl chains ranging length 6 14 carbons strongly stimulated free fatty acids suggests sirt6 catalyzed deacetylation may coupled concentration various intracellular metabolites&hl=en&as_sdt=0,10&as_ylo=1977&as_yhi=2014","https://scholar.google.com/scholar?q=site:pubmed.ncbi.nlm.nih.gov intriguingly OR deacetylating OR activity OR human OR sirt6 OR preferentially OR removes OR acyl OR chains OR ranging OR length OR 6 OR 14 OR carbons OR strongly OR stimulated OR free OR fatty OR acids OR suggests OR sirt6 OR catalyzed OR deacetylation OR may OR coupled OR concentration OR various OR intracellular OR metabolites&hl=en&as_sdt=0,10&as_ylo=1977&as_yhi=2014"
9660879,nh2terminus molecule contains consensus tyrosine sulfation motif sulfation least one tyrosine essential interactions p selectin l selectin,1998,9414280,A novel P-selectin glycoprotein ligand-1 monoclonal antibody recognizes an epitope within the tyrosine sulfate motif of human PSGL-1 and blocks recognition of both P- and L-selectin,1,2,372,"https://scholar.google.com/scholar?q=site:pubmed.ncbi.nlm.nih.gov nh2terminus molecule contains consensus tyrosine sulfation motif sulfation least one tyrosine essential interactions p selectin l selectin&hl=en&as_sdt=0,10&as_ylo=1977&as_yhi=1998","https://scholar.google.com/scholar?q=site:pubmed.ncbi.nlm.nih.gov nh2terminus OR molecule OR contains OR consensus OR tyrosine OR sulfation OR motif OR sulfation OR least OR one OR tyrosine OR essential OR interactions OR p OR selectin OR l OR selectin&hl=en&as_sdt=0,10&as_ylo=1977&as_yhi=1998"
29867823,contrary case k pneumoniae producing vim 1 results present study differ cms plus rifampin exhibit synergy two colistin susceptible vim 1 producing k pneumoniae clinical strains,2018,24395223,Evaluation of double- and triple-antibiotic combinations for VIM- and NDM-producing Klebsiella pneumoniae by in vitro time-kill experiments,59,2,36,"https://scholar.google.com/scholar?q=site:pubmed.ncbi.nlm.nih.gov contrary case k pneumoniae producing vim 1 results present study differ cms plus rifampin exhibit synergy two colistin susceptible vim 1 producing k pneumoniae clinical strains&hl=en&as_sdt=0,10&as_ylo=1977&as_yhi=2018","https://scholar.google.com/scholar?q=site:pubmed.ncbi.nlm.nih.gov contrary OR case OR k OR pneumoniae OR producing OR vim OR 1 OR results OR present OR study OR differ OR cms OR plus OR rifampin OR exhibit OR synergy OR two OR colistin OR susceptible OR vim OR 1 OR producing OR k OR pneumoniae OR clinical OR strains&hl=en&as_sdt=0,10&as_ylo=1977&as_yhi=2018"
22892012,rica effector recently identified b abortus interacts human rab2,2012,21501366,Identification of a Brucella spp. secreted effector specifically interacting with human small GTPase Rab2,1,2,323,"https://scholar.google.com/scholar?q=site:pubmed.ncbi.nlm.nih.gov rica effector recently identified b abortus interacts human rab2&hl=en&as_sdt=0,10&as_ylo=1977&as_yhi=2012","https://scholar.google.com/scholar?q=site:pubmed.ncbi.nlm.nih.gov rica OR effector OR recently OR identified OR b OR abortus OR interacts OR human OR rab2&hl=en&as_sdt=0,10&as_ylo=1977&as_yhi=2012"
19668388,scleral buckling versus primary vitrectomy rhegmatogenous retinal detachment spr study european multicenter randomized prospective controlled clinical trial comparing ppv sb,2009,11585312,Scleral buckling versus primary vitrectomy in rhegmatogenous retinal detachment (SPR Study): design issues and implications. SPR Study report no. 1,1,10,4,"https://scholar.google.com/scholar?q=site:pubmed.ncbi.nlm.nih.gov scleral buckling versus primary vitrectomy rhegmatogenous retinal detachment spr study european multicenter randomized prospective controlled clinical trial comparing ppv sb&hl=en&as_sdt=0,10&as_ylo=1977&as_yhi=2009","https://scholar.google.com/scholar?q=site:pubmed.ncbi.nlm.nih.gov scleral OR buckling OR versus OR primary OR vitrectomy OR rhegmatogenous OR retinal OR detachment OR spr OR study OR european OR multicenter OR randomized OR prospective OR controlled OR clinical OR trial OR comparing OR ppv OR sb&hl=en&as_sdt=0,10&as_ylo=1977&as_yhi=2009"
29340718,polypharmacy common increases hazard drug interactions drug related adverse effects,2018,24493574,Polypharmacy in heart failure patients,51,220,64,"https://scholar.google.com/scholar?q=site:pubmed.ncbi.nlm.nih.gov polypharmacy common increases hazard drug interactions drug related adverse effects&hl=en&as_sdt=0,10&as_ylo=1977&as_yhi=2018","https://scholar.google.com/scholar?q=site:pubmed.ncbi.nlm.nih.gov polypharmacy OR common OR increases OR hazard OR drug OR interactions OR drug OR related OR adverse OR effects&hl=en&as_sdt=0,10&as_ylo=1977&as_yhi=2018"
26594183,recent evidence effectiveness eye movements provided working memory theories emdr,2015,18565493,How eye movements affect unpleasant memories: support for a working-memory account,407,75,12,"https://scholar.google.com/scholar?q=site:pubmed.ncbi.nlm.nih.gov recent evidence effectiveness eye movements provided working memory theories emdr&hl=en&as_sdt=0,10&as_ylo=1977&as_yhi=2015","https://scholar.google.com/scholar?q=site:pubmed.ncbi.nlm.nih.gov recent OR evidence OR effectiveness OR eye OR movements OR provided OR working OR memory OR theories OR emdr&hl=en&as_sdt=0,10&as_ylo=1977&as_yhi=2015"
18021410,upar glycosylphosphatidylinositol gpi linked 3 domain receptor expressed monocytes macrophages activated lymphocytes natural killer cells neutrophils upar interacts several molecules including urokinase plasminogen activator upa vitronectin intracellular signalling molecules integrins exp,2007,9402652,"Structure, function and expression on blood and bone marrow cells of the urokinase-type plasminogen activator receptor, uPAR",26,269,71,"https://scholar.google.com/scholar?q=site:pubmed.ncbi.nlm.nih.gov upar glycosylphosphatidylinositol gpi linked 3 domain receptor expressed monocytes macrophages activated lymphocytes natural killer cells neutrophils upar interacts several molecules including urokinase plasminogen activator upa vitronectin intracellular signalling molecules integrins exp&hl=en&as_sdt=0,10&as_ylo=1977&as_yhi=2007","https://scholar.google.com/scholar?q=site:pubmed.ncbi.nlm.nih.gov upar OR glycosylphosphatidylinositol OR gpi OR linked OR 3 OR domain OR receptor OR expressed OR monocytes OR macrophages OR activated OR lymphocytes OR natural OR killer OR cells OR neutrophils OR upar OR interacts OR several OR molecules OR including OR urokinase OR plasminogen OR activator OR upa OR vitronectin OR intracellular OR signalling OR molecules OR integrins OR exp&hl=en&as_sdt=0,10&as_ylo=1977&as_yhi=2007"
12084774,thus data suggested lidocaine preferentially interacted inactivated channels flecainide likely bind high affinity open channels consistent earlier investigations native cells,2002,2155069,Interactions of flecainide with guinea pig cardiac sodium channels. Importance of activation unblocking to the voltage dependence of recovery,105,33,63,"https://scholar.google.com/scholar?q=site:pubmed.ncbi.nlm.nih.gov thus data suggested lidocaine preferentially interacted inactivated channels flecainide likely bind high affinity open channels consistent earlier investigations native cells&hl=en&as_sdt=0,10&as_ylo=1977&as_yhi=2002","https://scholar.google.com/scholar?q=site:pubmed.ncbi.nlm.nih.gov thus OR data OR suggested OR lidocaine OR preferentially OR interacted OR inactivated OR channels OR flecainide OR likely OR bind OR high OR affinity OR open OR channels OR consistent OR earlier OR investigations OR native OR cells&hl=en&as_sdt=0,10&as_ylo=1977&as_yhi=2002"
25418425,particular overall structure food webs directly tied ecosystems responses environmental change thompson townsend tylianakis robustness species loss dunne williams martinez estrada srinivasan gilbert rezende,2014,19490028,"Compartments in a marine food web associated with phylogeny, body mass, and habitat structure",321,54,209,"https://scholar.google.com/scholar?q=site:pubmed.ncbi.nlm.nih.gov particular overall structure food webs directly tied ecosystems responses environmental change thompson townsend tylianakis robustness species loss dunne williams martinez estrada srinivasan gilbert rezende&hl=en&as_sdt=0,10&as_ylo=1977&as_yhi=2014","https://scholar.google.com/scholar?q=site:pubmed.ncbi.nlm.nih.gov particular OR overall OR structure OR food OR webs OR directly OR tied OR ecosystems OR responses OR environmental OR change OR thompson OR townsend OR tylianakis OR robustness OR species OR loss OR dunne OR williams OR martinez OR estrada OR srinivasan OR gilbert OR rezende&hl=en&as_sdt=0,10&as_ylo=1977&as_yhi=2014"
26497518,domain arrangement similar igg1 fc fcgammariia fcgammariib fcgammariiib complexes b crystal structure igg1 fc fcgammari complex,2015,10917521,The 3.2-A crystal structure of the human IgG1 Fc fragment-Fc gammaRIII complex,42,268,277,"https://scholar.google.com/scholar?q=site:pubmed.ncbi.nlm.nih.gov domain arrangement similar igg1 fc fcgammariia fcgammariib fcgammariiib complexes b crystal structure igg1 fc fcgammari complex&hl=en&as_sdt=0,10&as_ylo=1977&as_yhi=2015","https://scholar.google.com/scholar?q=site:pubmed.ncbi.nlm.nih.gov domain OR arrangement OR similar OR igg1 OR fc OR fcgammariia OR fcgammariib OR fcgammariiib OR complexes OR b OR crystal OR structure OR igg1 OR fc OR fcgammari OR complex&hl=en&as_sdt=0,10&as_ylo=1977&as_yhi=2015"
26412967,since dopamine beta hydroxylase dbh critical enzyme converts dopamine norepinephrine suggested activity dbh may also involved pathophysiology ptsd,2015,17853400,Dopamine beta-hydroxylase (DBH) activity and -1021C/T polymorphism of DBH gene in combat-related post-traumatic stress disorder,11,1,1,"https://scholar.google.com/scholar?q=site:pubmed.ncbi.nlm.nih.gov since dopamine beta hydroxylase dbh critical enzyme converts dopamine norepinephrine suggested activity dbh may also involved pathophysiology ptsd&hl=en&as_sdt=0,10&as_ylo=1977&as_yhi=2015","https://scholar.google.com/scholar?q=site:pubmed.ncbi.nlm.nih.gov since OR dopamine OR beta OR hydroxylase OR dbh OR critical OR enzyme OR converts OR dopamine OR norepinephrine OR suggested OR activity OR dbh OR may OR also OR involved OR pathophysiology OR ptsd&hl=en&as_sdt=0,10&as_ylo=1977&as_yhi=2015"
28663789,shen engineered circularly permuted yellow fluorescent protein cpyfp expressed caenorhabditis elegans mitochondrial matrix sensor oxidative stress metabolic changes authors found adult day 3 mitochondrial cpyfp flash frequency good predictor c elegans life span different genetic environmental stochastic conditions,2017,24522532,Mitoflash frequency in early adulthood predicts lifespan in Caenorhabditis elegans,14,4,46,"https://scholar.google.com/scholar?q=site:pubmed.ncbi.nlm.nih.gov shen engineered circularly permuted yellow fluorescent protein cpyfp expressed caenorhabditis elegans mitochondrial matrix sensor oxidative stress metabolic changes authors found adult day 3 mitochondrial cpyfp flash frequency good predictor c elegans life span different genetic environmental stochastic conditions&hl=en&as_sdt=0,10&as_ylo=1977&as_yhi=2017","https://scholar.google.com/scholar?q=site:pubmed.ncbi.nlm.nih.gov shen OR engineered OR circularly OR permuted OR yellow OR fluorescent OR protein OR cpyfp OR expressed OR caenorhabditis OR elegans OR mitochondrial OR matrix OR sensor OR oxidative OR stress OR metabolic OR changes OR authors OR found OR adult OR day OR 3 OR mitochondrial OR cpyfp OR flash OR frequency OR good OR predictor OR c OR elegans OR life OR span OR different OR genetic OR environmental OR stochastic OR conditions&hl=en&as_sdt=0,10&as_ylo=1977&as_yhi=2017"
27458424,sum inferring misinterpretation endorsement nominally incorrect statements questionnaire hoekstra difficult justify,2016,24420726,Robust misinterpretation of confidence intervals,8,1,47,"https://scholar.google.com/scholar?q=site:pubmed.ncbi.nlm.nih.gov sum inferring misinterpretation endorsement nominally incorrect statements questionnaire hoekstra difficult justify&hl=en&as_sdt=0,10&as_ylo=1977&as_yhi=2016","https://scholar.google.com/scholar?q=site:pubmed.ncbi.nlm.nih.gov sum OR inferring OR misinterpretation OR endorsement OR nominally OR incorrect OR statements OR questionnaire OR hoekstra OR difficult OR justify&hl=en&as_sdt=0,10&as_ylo=1977&as_yhi=2016"
28087812,accordance previous research current results find strong evidence experience unemployment changes national rate unemployment fluctuates,2016,15641890,Psychological and physical well-being during unemployment: a meta-analytic study,156,402,5,"https://scholar.google.com/scholar?q=site:pubmed.ncbi.nlm.nih.gov accordance previous research current results find strong evidence experience unemployment changes national rate unemployment fluctuates&hl=en&as_sdt=0,10&as_ylo=1977&as_yhi=2016","https://scholar.google.com/scholar?q=site:pubmed.ncbi.nlm.nih.gov accordance OR previous OR research OR current OR results OR find OR strong OR evidence OR experience OR unemployment OR changes OR national OR rate OR unemployment OR fluctuates&hl=en&as_sdt=0,10&as_ylo=1977&as_yhi=2016"
28100768,enferplex elisa used previously herd published credentials cattle camelids goats test carried enfer scientific laboratory ireland,2017,21862242,Application of the Enfer chemiluminescent multiplex ELISA system for the detection of Mycobacterium bovis infection in goats,3,2,4,"https://scholar.google.com/scholar?q=site:pubmed.ncbi.nlm.nih.gov enferplex elisa used previously herd published credentials cattle camelids goats test carried enfer scientific laboratory ireland&hl=en&as_sdt=0,10&as_ylo=1977&as_yhi=2017","https://scholar.google.com/scholar?q=site:pubmed.ncbi.nlm.nih.gov enferplex OR elisa OR used OR previously OR herd OR published OR credentials OR cattle OR camelids OR goats OR test OR carried OR enfer OR scientific OR laboratory OR ireland&hl=en&as_sdt=0,10&as_ylo=1977&as_yhi=2017"
26079799,cd44 mediated mirs via binding 3 utr region diverse human diseases instance mir 34a prostate cancer mir 328 gastrointestinal cancer mir 373 mir 520c breast cancer,2015,24318997,Macrophage-derived reactive oxygen species suppress miR-328 targeting CD44 in cancer cells and promote redox adaptation,1,2,43,"https://scholar.google.com/scholar?q=site:pubmed.ncbi.nlm.nih.gov cd44 mediated mirs via binding 3 utr region diverse human diseases instance mir 34a prostate cancer mir 328 gastrointestinal cancer mir 373 mir 520c breast cancer&hl=en&as_sdt=0,10&as_ylo=1977&as_yhi=2015","https://scholar.google.com/scholar?q=site:pubmed.ncbi.nlm.nih.gov cd44 OR mediated OR mirs OR via OR binding OR 3 OR utr OR region OR diverse OR human OR diseases OR instance OR mir OR 34a OR prostate OR cancer OR mir OR 328 OR gastrointestinal OR cancer OR mir OR 373 OR mir OR 520c OR breast OR cancer&hl=en&as_sdt=0,10&as_ylo=1977&as_yhi=2015"
22073033,addition tsc1 heterozygous knockout mice dominant negative tsc2 mutant mice also displayed impaired social behaviors whereas tsc2 heterozygous knockout mouse pups exhibited abnormalities social communication demonstrated changes ultrasonic vocalizations following maternal separation,2011,20534473,Altered ultrasonic vocalizations in a tuberous sclerosis mouse model of autism,4,1,6,"https://scholar.google.com/scholar?q=site:pubmed.ncbi.nlm.nih.gov addition tsc1 heterozygous knockout mice dominant negative tsc2 mutant mice also displayed impaired social behaviors whereas tsc2 heterozygous knockout mouse pups exhibited abnormalities social communication demonstrated changes ultrasonic vocalizations following maternal separation&hl=en&as_sdt=0,10&as_ylo=1977&as_yhi=2011","https://scholar.google.com/scholar?q=site:pubmed.ncbi.nlm.nih.gov addition OR tsc1 OR heterozygous OR knockout OR mice OR dominant OR negative OR tsc2 OR mutant OR mice OR also OR displayed OR impaired OR social OR behaviors OR whereas OR tsc2 OR heterozygous OR knockout OR mouse OR pups OR exhibited OR abnormalities OR social OR communication OR demonstrated OR changes OR ultrasonic OR vocalizations OR following OR maternal OR separation&hl=en&as_sdt=0,10&as_ylo=1977&as_yhi=2011"
24669141,furthermore case reports showed increased risk ectasia pregnancy,2014,20335804,Pregnancy-triggered iatrogenic (post-laser in situ keratomileusis) corneal ectasia--a case report,1,1,14,"https://scholar.google.com/scholar?q=site:pubmed.ncbi.nlm.nih.gov furthermore case reports showed increased risk ectasia pregnancy&hl=en&as_sdt=0,10&as_ylo=1977&as_yhi=2014","https://scholar.google.com/scholar?q=site:pubmed.ncbi.nlm.nih.gov furthermore OR case OR reports OR showed OR increased OR risk OR ectasia OR pregnancy&hl=en&as_sdt=0,10&as_ylo=1977&as_yhi=2014"
27588136,previous study concerning combination treatment 9 hpbd pdt carboplatin resulted enhanced photocytotoxicity apoptosis induction laryngeal amc hn 3 hn 3 cancer cells,2015,19148503,Enhanced apoptotic effect of combined modality of 9-hydroxypheophorbide alpha-mediated photodynamic therapy and carboplatin on AMC-HN-3 human head and neck cancer cells,3,3,7,"https://scholar.google.com/scholar?q=site:pubmed.ncbi.nlm.nih.gov previous study concerning combination treatment 9 hpbd pdt carboplatin resulted enhanced photocytotoxicity apoptosis induction laryngeal amc hn 3 hn 3 cancer cells&hl=en&as_sdt=0,10&as_ylo=1977&as_yhi=2015","https://scholar.google.com/scholar?q=site:pubmed.ncbi.nlm.nih.gov previous OR study OR concerning OR combination OR treatment OR 9 OR hpbd OR pdt OR carboplatin OR resulted OR enhanced OR photocytotoxicity OR apoptosis OR induction OR laryngeal OR amc OR hn OR 3 OR hn OR 3 OR cancer OR cells&hl=en&as_sdt=0,10&as_ylo=1977&as_yhi=2015"
29515122,analyze role bax bak examined bkm120 induced apoptosis hct116 cell line model system bax bak double knockout bax bak dko available,2018,22056880,Predominant requirement of Bax for apoptosis in HCT116 cells is determined by Mcl-1's inhibitory effect on Bak,710,14,236,"https://scholar.google.com/scholar?q=site:pubmed.ncbi.nlm.nih.gov analyze role bax bak examined bkm120 induced apoptosis hct116 cell line model system bax bak double knockout bax bak dko available&hl=en&as_sdt=0,10&as_ylo=1977&as_yhi=2018","https://scholar.google.com/scholar?q=site:pubmed.ncbi.nlm.nih.gov analyze OR role OR bax OR bak OR examined OR bkm120 OR induced OR apoptosis OR hct116 OR cell OR line OR model OR system OR bax OR bak OR double OR knockout OR bax OR bak OR dko OR available&hl=en&as_sdt=0,10&as_ylo=1977&as_yhi=2018"
21670206,sensitivity alpha scorpion toxins transferred kv channels along domain iv paddle motifs context chimeras toxin inhibits channel stabilizing closed state,2011,19005548,Deconstructing voltage sensor function and pharmacology in sodium channels,6,369,38,"https://scholar.google.com/scholar?q=site:pubmed.ncbi.nlm.nih.gov sensitivity alpha scorpion toxins transferred kv channels along domain iv paddle motifs context chimeras toxin inhibits channel stabilizing closed state&hl=en&as_sdt=0,10&as_ylo=1977&as_yhi=2011","https://scholar.google.com/scholar?q=site:pubmed.ncbi.nlm.nih.gov sensitivity OR alpha OR scorpion OR toxins OR transferred OR kv OR channels OR along OR domain OR iv OR paddle OR motifs OR context OR chimeras OR toxin OR inhibits OR channel OR stabilizing OR closed OR state&hl=en&as_sdt=0,10&as_ylo=1977&as_yhi=2011"
22666666,previous studies indicated intestinal epithelial cell express low affinity ige receptor fcepsilonrii cd23,2012,16143132,CD23-mediated IgE transport across human intestinal epithelium: inhibition by blocking sites of translation or binding,6,9,13,"https://scholar.google.com/scholar?q=site:pubmed.ncbi.nlm.nih.gov previous studies indicated intestinal epithelial cell express low affinity ige receptor fcepsilonrii cd23&hl=en&as_sdt=0,10&as_ylo=1977&as_yhi=2012","https://scholar.google.com/scholar?q=site:pubmed.ncbi.nlm.nih.gov previous OR studies OR indicated OR intestinal OR epithelial OR cell OR express OR low OR affinity OR ige OR receptor OR fcepsilonrii OR cd23&hl=en&as_sdt=0,10&as_ylo=1977&as_yhi=2012"
23452895,fiala concluded sphaeromyxids closely related myxidium species coryphaenoideum closest species suggested common ancestor marine sphaeromyxa spp freshwater myxosporean myxidium shaped spores,2013,16904677,The phylogeny of Myxosporea (Myxozoa) based on small subunit ribosomal RNA gene analysis,1,7,6,"https://scholar.google.com/scholar?q=site:pubmed.ncbi.nlm.nih.gov fiala concluded sphaeromyxids closely related myxidium species coryphaenoideum closest species suggested common ancestor marine sphaeromyxa spp freshwater myxosporean myxidium shaped spores&hl=en&as_sdt=0,10&as_ylo=1977&as_yhi=2013","https://scholar.google.com/scholar?q=site:pubmed.ncbi.nlm.nih.gov fiala OR concluded OR sphaeromyxids OR closely OR related OR myxidium OR species OR coryphaenoideum OR closest OR species OR suggested OR common OR ancestor OR marine OR sphaeromyxa OR spp OR freshwater OR myxosporean OR myxidium OR shaped OR spores&hl=en&as_sdt=0,10&as_ylo=1977&as_yhi=2013"
25491265,barchi also developed intraspecific mostly aflp ssr marker,2014,20962887,Segregation distortion and linkage analysis in eggplant (Solanum melongena L.),46,10,79,"https://scholar.google.com/scholar?q=site:pubmed.ncbi.nlm.nih.gov barchi also developed intraspecific mostly aflp ssr marker&hl=en&as_sdt=0,10&as_ylo=1977&as_yhi=2014","https://scholar.google.com/scholar?q=site:pubmed.ncbi.nlm.nih.gov barchi OR also OR developed OR intraspecific OR mostly OR aflp OR ssr OR marker&hl=en&as_sdt=0,10&as_ylo=1977&as_yhi=2014"
23926138,fact although warning signs included 2009 scheme primarily derived recommendations expert panel experienced clinicians rather resulting directly formal evidence base unlikely many doctors working dengue endemic areas would comfortable managing dengue patients persistent vomiting pleural effusions ascites mucosal bleeding home,2013,22943544,"Reviewing the development, evidence base, and application of the revised dengue case classification",51,29,7,"https://scholar.google.com/scholar?q=site:pubmed.ncbi.nlm.nih.gov fact although warning signs included 2009 scheme primarily derived recommendations expert panel experienced clinicians rather resulting directly formal evidence base unlikely many doctors working dengue endemic areas would comfortable managing dengue patients persistent vomiting pleural effusions ascites mucosal bleeding home&hl=en&as_sdt=0,10&as_ylo=1977&as_yhi=2013","https://scholar.google.com/scholar?q=site:pubmed.ncbi.nlm.nih.gov fact OR although OR warning OR signs OR included OR 2009 OR scheme OR primarily OR derived OR recommendations OR expert OR panel OR experienced OR clinicians OR rather OR resulting OR directly OR formal OR evidence OR base OR unlikely OR many OR doctors OR working OR dengue OR endemic OR areas OR would OR comfortable OR managing OR dengue OR patients OR persistent OR vomiting OR pleural OR effusions OR ascites OR mucosal OR bleeding OR home&hl=en&as_sdt=0,10&as_ylo=1977&as_yhi=2013"
22559903,molecular subset exhibits oe expression changes either naris occluded mice anosmic cyclic nucleotide gated channel subunit a2 cnga2 null mice directly camp dependent,2012,22009938,Retinoic acid receptor and CNGA2 channel signaling are part of a regulatory feedback loop controlling axonal convergence and survival of olfactory sensory neurons,27,21,7,"https://scholar.google.com/scholar?q=site:pubmed.ncbi.nlm.nih.gov molecular subset exhibits oe expression changes either naris occluded mice anosmic cyclic nucleotide gated channel subunit a2 cnga2 null mice directly camp dependent&hl=en&as_sdt=0,10&as_ylo=1977&as_yhi=2012","https://scholar.google.com/scholar?q=site:pubmed.ncbi.nlm.nih.gov molecular OR subset OR exhibits OR oe OR expression OR changes OR either OR naris OR occluded OR mice OR anosmic OR cyclic OR nucleotide OR gated OR channel OR subunit OR a2 OR cnga2 OR null OR mice OR directly OR camp OR dependent&hl=en&as_sdt=0,10&as_ylo=1977&as_yhi=2012"
22244352,previous study apicomplexan full length cdna sequences wakaguri reported average size 5 utrs consistent amongst plasmodium species namely p falciparum 303 bp p vivax 304 bp p yoelii 345 bp p berghei 299 bp varied genera c parvum gondii presenting average 5 utr lengths 137 bp 288 bp respectively,2012,19602295,Inconsistencies of genome annotations in apicomplexan parasites revealed by 5'-end-one-pass and full-length sequences of oligo-capped cDNAs,408,1,136,"https://scholar.google.com/scholar?q=site:pubmed.ncbi.nlm.nih.gov previous study apicomplexan full length cdna sequences wakaguri reported average size 5 utrs consistent amongst plasmodium species namely p falciparum 303 bp p vivax 304 bp p yoelii 345 bp p berghei 299 bp varied genera c parvum gondii presenting average 5 utr lengths 137 bp 288 bp respectively&hl=en&as_sdt=0,10&as_ylo=1977&as_yhi=2012","https://scholar.google.com/scholar?q=site:pubmed.ncbi.nlm.nih.gov previous OR study OR apicomplexan OR full OR length OR cdna OR sequences OR wakaguri OR reported OR average OR size OR 5 OR utrs OR consistent OR amongst OR plasmodium OR species OR namely OR p OR falciparum OR 303 OR bp OR p OR vivax OR 304 OR bp OR p OR yoelii OR 345 OR bp OR p OR berghei OR 299 OR bp OR varied OR genera OR c OR parvum OR gondii OR presenting OR average OR 5 OR utr OR lengths OR 137 OR bp OR 288 OR bp OR respectively&hl=en&as_sdt=0,10&as_ylo=1977&as_yhi=2012"
24322296,thus tet3 mediates global dna demethylation paternal pronucleus zygote,2013,21892189,The role of Tet3 DNA dioxygenase in epigenetic reprogramming by oocytes,3,1,2,"https://scholar.google.com/scholar?q=site:pubmed.ncbi.nlm.nih.gov thus tet3 mediates global dna demethylation paternal pronucleus zygote&hl=en&as_sdt=0,10&as_ylo=1977&as_yhi=2013","https://scholar.google.com/scholar?q=site:pubmed.ncbi.nlm.nih.gov thus OR tet3 OR mediates OR global OR dna OR demethylation OR paternal OR pronucleus OR zygote&hl=en&as_sdt=0,10&as_ylo=1977&as_yhi=2013"
28770230,despite subsequent findings associations fetuin levels insulin resistance development diabetes humans studies assessed effects aex wl interventions circulating fetuin levels relationships metabolic outcomes,2017,23066121,"Increased fetuin-A concentrations in impaired glucose tolerance with or without nonalcoholic fatty liver disease, but not impaired fasting glucose",147,316,609,"https://scholar.google.com/scholar?q=site:pubmed.ncbi.nlm.nih.gov despite subsequent findings associations fetuin levels insulin resistance development diabetes humans studies assessed effects aex wl interventions circulating fetuin levels relationships metabolic outcomes&hl=en&as_sdt=0,10&as_ylo=1977&as_yhi=2017","https://scholar.google.com/scholar?q=site:pubmed.ncbi.nlm.nih.gov despite OR subsequent OR findings OR associations OR fetuin OR levels OR insulin OR resistance OR development OR diabetes OR humans OR studies OR assessed OR effects OR aex OR wl OR interventions OR circulating OR fetuin OR levels OR relationships OR metabolic OR outcomes&hl=en&as_sdt=0,10&as_ylo=1977&as_yhi=2017"
27342630,another study singapore also reported three factor structure compared two factor structure appropriate short form 12 items kdqol 36 questionnaire shorter version kdqol sf,2016,23613285,Validation of the English version of the Kidney Disease Quality of Life questionnaire (KDQOL-36) in haemodialysis patients in Singapore,1,1,271,"https://scholar.google.com/scholar?q=site:pubmed.ncbi.nlm.nih.gov another study singapore also reported three factor structure compared two factor structure appropriate short form 12 items kdqol 36 questionnaire shorter version kdqol sf&hl=en&as_sdt=0,10&as_ylo=1977&as_yhi=2016","https://scholar.google.com/scholar?q=site:pubmed.ncbi.nlm.nih.gov another OR study OR singapore OR also OR reported OR three OR factor OR structure OR compared OR two OR factor OR structure OR appropriate OR short OR form OR 12 OR items OR kdqol OR 36 OR questionnaire OR shorter OR version OR kdqol OR sf&hl=en&as_sdt=0,10&as_ylo=1977&as_yhi=2016"
27104111,reported kalgutkar shanbhag tozkoparan conversion carboxyl group containing nsaids ester amide functions modifications retains anti inflammatory activity parent nsaids makes selective towards cyclooxygenase 2 cox 2 enzyme,2015,10639181,Biochemically based design of cyclooxygenase-2 (COX-2) inhibitors: facile conversion of nonsteroidal antiinflammatory drugs to potent and highly selective COX-2 inhibitors,2,374,224,"https://scholar.google.com/scholar?q=site:pubmed.ncbi.nlm.nih.gov reported kalgutkar shanbhag tozkoparan conversion carboxyl group containing nsaids ester amide functions modifications retains anti inflammatory activity parent nsaids makes selective towards cyclooxygenase 2 cox 2 enzyme&hl=en&as_sdt=0,10&as_ylo=1977&as_yhi=2015","https://scholar.google.com/scholar?q=site:pubmed.ncbi.nlm.nih.gov reported OR kalgutkar OR shanbhag OR tozkoparan OR conversion OR carboxyl OR group OR containing OR nsaids OR ester OR amide OR functions OR modifications OR retains OR anti OR inflammatory OR activity OR parent OR nsaids OR makes OR selective OR towards OR cyclooxygenase OR 2 OR cox OR 2 OR enzyme&hl=en&as_sdt=0,10&as_ylo=1977&as_yhi=2015"
